Rank,Change,Player,School,Position,Height,Weight,CollegeClass,Date,DraftStatus
1,--,Trevor Lawrence,Clemson,QB,"6'6""",220,JR,2021-04-27,Eligible
2,--,Penei Sewell,Oregon,OT,"6'5""",331,JR,2021-04-27,Eligible
3,--,Ja'Marr Chase,LSU,WR,"6'1""",200,JR,2021-04-27,Eligible
4,--,Zach Wilson,BYU,QB,6'3'',210,JR,2021-04-27,Eligible
5,--,Kyle Pitts,Florida,TE,"6'5""",239,JR,2021-04-27,Eligible
6,--,Justin Fields,Ohio State,QB,6'3'',228,JR,2021-04-27,Eligible
7,--,Jaylen Waddle,Alabama,WRS,"5'10""",182,JR,2021-04-27,Eligible
8,--,Patrick Surtain II,Alabama,CB,"6'1""",203,JR,2021-04-27,Eligible
9,--,DeVonta Smith,Alabama,WR,"6'1""",175,SR,2021-04-27,Eligible
10,--,Trey Lance,North Dakota State,QB,"6'3""",226,RSO,2021-04-27,Eligible
11,--,Rashawn Slater,Northwestern,OT,6'4'',314,SR,2021-04-27,Eligible
12,+1,Micah Parsons,Penn State,ILB,"6'2""",245,JR,2021-04-27,Eligible
13,--,Jaycee Horn,South Carolina,CB,"6'0""",200,JR,2021-04-27,Eligible
14,--,Christian Darrisaw,Virginia Tech,OT,6'5'',314,RJR,2021-04-27,Eligible
15,--,Mac Jones,Alabama,QB,6'2'',214,RJR,2021-04-27,Eligible
16,--,Jaelan Phillips,Miami (FL),EDGE,"6'5""",255,RJR,2021-04-27,Eligible
17,--,Kwity Paye,Michigan,EDGE,"6'4""",277,SR,2021-04-27,Eligible
18,--,Azeez Ojulari,Georgia,EDGE,"6'3""",249,RSO,2021-04-27,Eligible
19,+2,Alijah Vera-Tucker,USC,OG,"6'4""",315,RJR,2021-04-27,Eligible
20,--,Christian Barmore,Alabama,DL3T,"6'5""",310,RSO,2021-04-27,Eligible
21,-5,Trevon Moehrig,TCU,S,"6'2""",202,JR,2021-04-27,Eligible
22,-2,Rashod Bateman,Minnesota,WR,"6'1""",210,JR,2021-04-27,Eligible
23,--,Asante Samuel Jr.,Florida State,CB,"5'10""",180,JR,2021-04-27,Eligible
24,--,Greg Newsome II,Northwestern,CB,"6'1""",190,JR,2021-04-27,Eligible
25,--,Samuel Cosmi,Texas,OT,"6'7""",309,RJR,2021-04-27,Eligible
26,--,Jeremiah Owusu-Koramoah,Notre Dame,OLB,6'1'',216,SR,2021-04-27,Eligible
27,--,Alex Leatherwood,Alabama,OT,"6'6""",312,SR,2021-04-27,Eligible
28,--,Rondale Moore,Purdue,WRS,"5'7""",165,JR,2021-04-27,Eligible
29,--,Caleb Farley,Virginia Tech,CB,"6'2""",197,RJR,2021-04-27,Eligible
30,--,Richie Grant,UCF,S,"6'0""",194,RSR,2021-04-27,Eligible
31,+4,Teven Jenkins,Oklahoma State,OT,6'6'',320,RSR,2021-04-27,Eligible
32,--,Travis Etienne,Clemson,RB,"5'10""",210,SR,2021-04-27,Eligible
33,-4,Wyatt Davis,Ohio State,OG,"6'4""",315,RJR,2021-04-27,Eligible
34,--,Zaven Collins,Tulsa,OLB,6'4'',260,RJR,2021-04-27,Eligible
35,--,Joseph Ossai,Texas,EDGE,"6'4""",253,JR,2021-04-27,Eligible
36,+4,Gregory Rousseau,Miami (FL),EDGE,"6'5""",260,RSO,2021-04-27,Eligible
37,--,Terrace Marshall,LSU,WR,"6'3""",200,JR,2021-04-27,Eligible
38,--,Jayson Oweh,Penn State,EDGE,"6'5""",257,RSO,2021-04-27,Eligible
39,--,Jalen Mayfield,Michigan,OT,"6'5""",320,RSO,2021-04-27,Eligible
40,--,Nick Bolton,Missouri,ILB,"6'0""",235,JR,2021-04-27,Eligible
41,+8,Levi Onwuzurike,Washington,DL3T,"6'3""",293,RSR,2021-04-27,Eligible
42,--,Najee Harris,Alabama,RB,"6'2""",230,SR,2021-04-27,Eligible
43,--,Trey Smith,Tennessee,OG,"6'6""",330,SR,2021-04-27,Eligible
44,--,Kadarius Toney,Florida,WR,5'11'',190,SR,2021-04-27,Eligible
45,--,Carlos Basham Jr.,Wake Forest,DL5T,"6'5""",285,RSR,2021-04-27,Eligible
46,--,Creed Humphrey,Oklahoma,OC,"6'5""",320,RJR,2021-04-27,Eligible
47,--,Tyson Campbell,Georgia,CB,"6'2""",180,JR,2021-04-27,Eligible
48,--,Jevon Holland,Oregon,S,"6'1""",196,JR,2021-04-27,Eligible
49,+15,Jamin Davis,Kentucky,ILB,"6'4""",234,JR,2021-04-27,Eligible
50,--,Jay Tufele,USC,DL3T,"6'2""",310,RJR,2021-04-27,Eligible
51,--,Jabril Cox,LSU,OLB,"6'2""",233,RSR,2021-04-27,Eligible
52,--,Javonte Williams,North Carolina,RB,"5'10""",220,JR,2021-04-27,Eligible
53,-8,Daviyon Nixon,Iowa,DL3T,"6'3""",305,JR,2021-04-27,Eligible
54,--,Liam Eichenberg,Notre Dame,OT,"6'6""",302,RSR,2021-04-27,Eligible
55,--,Pat Freiermuth,Penn State,TE,"6'5""",250,JR,2021-04-27,Eligible
56,--,Jaylen Twyman,Pitt,DL5T,"6'2""",290,RJR,2021-04-27,Eligible
57,--,Elijah Moore,Ole Miss,WRS,"5'9""",184,JR,2021-04-27,Eligible
58,--,Tylan Wallace,Oklahoma State,WR,"6'0""",185,SR,2021-04-27,Eligible
59,--,Ben Cleveland,Georgia,OG,"6'6""",335,RSR,2021-04-27,Eligible
60,--,Andre Cisco,Syracuse,S,"6'0""",203,JR,2021-04-27,Eligible
61,--,Landon Dickerson,Alabama,OC,6'6'',325,RSR,2021-04-27,Eligible
62,--,Elijah Molden,Washington,CB,"5'10""",186,SR,2021-04-27,Eligible
63,+7,Amon-Ra St. Brown,USC,WR,"6'1""",195,JR,2021-04-27,Eligible
64,--,Jackson Carman,Clemson,OT,"6'5""",335,JR,2021-04-27,Eligible
65,--,Joe Tryon,Washington,EDGE,"6'5""",262,RJR,2021-04-27,Eligible
66,--,Seth Williams,Auburn,WR,"6'2""",224,JR,2021-04-27,Eligible
67,+10,Baron Browning,Ohio State,ILB,"6'3""",248,SR,2021-04-27,Eligible
68,-6,Marvin Wilson,Florida State,DL1T,"6'3""",319,SR,2021-04-27,Eligible
69,--,Alim McNeill,NC State,DL3T,"6'2""",320,JR,2021-04-27,Eligible
70,--,Eric Stokes,Georgia,CB,"6'1""",185,RJR,2021-04-27,Eligible
71,-12,Tyler Shelvin,LSU,DL1T,"6'3""",346,RJR,2021-04-27,Eligible
72,--,Dyami Brown,North Carolina,WR,"6'1""",185,JR,2021-04-27,Eligible
73,--,Chazz Surratt,North Carolina,OLB,"6'3""",230,RSR,2021-04-27,Eligible
74,--,Dillon Radunz,North Dakota State,OT,6'6'',299,SR,2021-04-27,Eligible
75,--,Ronnie Perkins,Oklahoma,OLB,6'4',230,JR,2021-04-27,Eligible
76,--,Michael Carter,North Carolina,RBC,"5'9""",195,SR,2021-04-27,Eligible
77,--,Ifeatu Melifonwu,Syracuse,CB,"6'3""",212,RJR,2021-04-27,Eligible
78,-20,Dylan Moses,Alabama,OLB,"6'3""",235,SR,2021-04-27,Eligible
79,--,Kyle Trask,Florida,QB,6'4'',240,RSR,2021-04-27,Eligible
80,-10,Hamsah Nasirildeen,Florida State,S,"6'4""",215,SR,2021-04-27,Eligible
81,--,Quinn Meinerz,UW–Whitewater,OC,"6'3""",320,SR,2021-04-27,Eligible
82,--,Josh Myers,Ohio State,OC,6'5'',312,RJR,2021-04-27,Eligible
83,--,Kenneth Gainwell,Memphis,RB,"5'11""",191,RSO,2021-04-27,Eligible
84,--,Talanoa Hufanga,USC,S,"6'1""",215,JR,2021-04-27,Eligible
85,-8,Kellen Mond,Texas A&M,QB,"6'3""",217,SR,2021-04-27,Eligible
86,--,Patrick Jones II,Pitt,EDGE,"6'5""",260,RSR,2021-04-27,Eligible
87,--,D'Wayne Eskridge,Western Michigan,WRS,"5'9""",188,SR,2021-04-27,Eligible
88,-15,Cameron McGrone,Michigan,OLB,6'1'',232,RSO,2021-04-27,Eligible
89,--,Walker Little,Stanford,OT,"6'7""",313,SR,2021-04-27,Eligible
90,--,Rashad Weaver,Pitt,EDGE,"6'5""",270,RSR,2021-04-27,Eligible
91,--,Kelvin Joseph,Kentucky,CB,"6'1""",192,JR,2021-04-27,Eligible
92,--,Paulson Adebo,Stanford,CB,"6'1""",190,SR,2021-04-27,Eligible
93,--,Aaron Robinson,UCF,CB,5'11'',193,RSR,2021-04-27,Eligible
94,--,Marlon Tuipulotu,USC,DL3T,"6'1""",308,RJR,2021-04-27,Eligible
95,--,Brevin Jordan,Miami (FL),TE,"6'3""",245,JR,2021-04-27,Eligible
96,+40,Milton Williams,Louisiana Tech,DL5T,"6'4""",278,RJR,2021-04-27,Eligible
97,+25,Brady Christensen,BYU,OT,6'6'',300,RJR,2021-04-27,Eligible
98,--,Quincy Roche,Miami (FL),EDGE,"6'4""",235,RSR,2021-04-27,Eligible
99,+15,Divine Deablo,Virginia Tech,S,6'3'',226,RSR,2021-04-27,Eligible
100,+5,Pete Werner,Ohio State,ILB,6'3'',239,SR,2021-04-27,Eligible
101,--,Dayo Odeyingbo,Vanderbilt,DL5T,6'5'',279,SR,2021-04-27,Eligible
102,-8,Spencer K. Brown,Northern Iowa,OT,6'9'',321,RSR,2021-04-27,Eligible
103,--,Anthony Schwartz,Auburn,WR,"6'0""",197,JR,2021-04-27,Eligible
104,--,Chuba Hubbard,Oklahoma State,RB,"6'1""",207,RJR,2021-04-27,Eligible
105,--,Hunter Long,Boston College,TE,"6'5""",253,JR,2021-04-27,Eligible
106,-7,Shaun Wade,Ohio State,CB,"6'1""",194,RJR,2021-04-27,Eligible
107,--,Bobby Brown III,Texas A&M,DL1T,"6'3""",325,JR,2021-04-27,Eligible
108,--,Deonte Brown,Alabama,OG,6'4'',350,RSR,2021-04-27,Eligible
109,+12,Aaron Banks,Notre Dame,OG,"6'5""",330,RJR,2021-04-27,Eligible
110,+12,Tommy Tremble,Notre Dame,TE,6'4',248,JR,2021-04-27,Eligible
111,--,Khalil Herbert,Virginia Tech,RBC,"5'9""",205,RSR,2021-04-27,Eligible
112,--,Jamie Newman,Georgia,QB,"6'4""",230,RSR,2021-04-27,Eligible
113,--,Paris Ford,Pitt,S,"6'0""",190,RJR,2021-04-27,Eligible
114,-10,Damonte Coxie,Memphis,WR,6'3'',197,SR,2021-04-27,Eligible
115,-10,Darius Stills,West Virginia,DL5T,"6'1""",285,SR,2021-04-27,Eligible
116,--,Israel Mukuamu,South Carolina,CB,"6'3""",205,JR,2021-04-27,Eligible
117,--,Tommy Togiai,Ohio State,DL3T,"6'2""",300,JR,2021-04-27,Eligible
118,--,Ar'Darius Washington,TCU,S,"5'8""",175,RSO,2021-04-27,Eligible
119,--,Sage Surratt,Wake Forest,WR,"6'2""",215,RJR,2021-04-27,Eligible
120,-11,Drake Jackson,Kentucky,OC,6'2'',292,RSR,2021-04-27,Eligible
121,--,Ihmir Smith-Marsette,Iowa,WR,"6'2""",175,SR,2021-04-27,Eligible
122,+13,James Hudson,Cincinnati,OT,"6'5""",310,JR,2021-04-27,Eligible
123,--,Marlon Williams,UCF,WR,"6'0""",215,SR,2021-04-27,Eligible
124,+13,Nico Collins,Michigan,WR,"6'4""",222,SR,2021-04-27,Eligible
125,-20,Jaelon Darden,North Texas,WRS,"5'9""",174,SR,2021-04-27,Eligible
126,-30,Tutu Atwell,Louisville,WRS,"5'9""",156,JR,2021-04-27,Eligible
127,--,Trey Hill,Georgia,OC,"6'4""",330,JR,2021-04-27,Eligible
128,+31,Derrick Barnes,Purdue,ILB,"6'1""",240,SR,2021-04-27,Eligible
129,--,Charles Snowden,Virginia,OLB,"6'6""",232,SR,2021-04-27,Eligible
130,+30,Shaka Toney,Penn State,EDGE,"6'3""",243,RSR,2021-04-27,Eligible
131,--,Trill Williams,Syracuse,CB,6'2',198,JR,2021-04-27,Eligible
132,+75,Payton Turner,Houston,EDGE,"6'5""",270,SR,2021-04-27,Eligible
133,--,Jonathan Marshall,Arkansas,DL1T,"6'3""",317,RSR,2021-04-27,Eligible
134,--,Marco Wilson,Florida,CB,"6'0""",190,RJR,2021-04-27,Eligible
135,--,Olaijah Griffin,USC,CB,6'0'',170,JR,2021-04-27,Eligible
136,--,Hamilcar Rashed,Oregon State,EDGE,6'3'',248,RSR,2021-04-27,Eligible
137,--,Shakur Brown,Michigan State,CB,"5'11""",190,RJR,2021-04-27,Eligible
138,--,Rodarius Williams,Oklahoma State,CB,"6'0""",193,RSR,2021-04-27,Eligible
139,--,Tariq Thompson,San Diego State,S,"6'0""",200,SR,2021-04-27,Eligible
140,--,Chris Rumph II,Duke,EDGE,"6'3""",225,RJR,2021-04-27,Eligible
141,--,Keith Taylor,Washington,CB,"6'3""",191,SR,2021-04-27,Eligible
142,--,Tedarrell Slaton,Florida,DL1T,"6'5""",358,SR,2021-04-27,Eligible
143,--,Cameron Sample,Tulane,EDGE,"6'3""",280,SR,2021-04-27,Eligible
144,--,Caden Sterns,Texas,S,"6'0""",210,JR,2021-04-27,Eligible
145,--,Monty Rice,Georgia,OLB,"6'1""",235,SR,2021-04-27,Eligible
146,--,Trey Sermon,Ohio State,RB,"6'0""",224,SR,2021-04-27,Eligible
147,--,Demetric Felton,UCLA,RBC,"5'9""",189,JR,2021-04-27,Eligible
148,--,Ta'Quon Graham,Texas,DL3T,"6'4""",294,SR,2021-04-27,Eligible
149,--,JaCoby Stevens,LSU,S,6'1'',228,SR,2021-04-27,Eligible
150,+16,Amari Rodgers,Clemson,WR,"5'9""",210,SR,2021-04-27,Eligible
151,--,Jamien Sherwood,Auburn,S,6'2'',220,SR,2021-04-27,Eligible
152,+36,Robert Rochell,Central Arkansas,CB,6'0'',195,RSR,2021-04-27,Eligible
153,--,Tony Poljan,Virginia,TE,"6'7""",265,RSR,2021-04-27,Eligible
154,--,Rhamondre Stevenson,Oklahoma,RB,"6'0""",236,SR,2021-04-27,Eligible
155,--,Darren Hall,San Diego State,CB,"6'0""",190,JR,2021-04-27,Eligible
156,--,Tommy Doyle,Miami (OH),OT,6'8'',326,RSR,2021-04-27,Eligible
157,-14,K.J. Britt,Auburn,ILB,"6'0""",236,JR,2021-04-27,Eligible
158,--,Jordan Smith,UAB,EDGE,"6'7""",255,RJR,2021-04-27,Eligible
159,--,Jack Anderson,Texas Tech,OG,"6'5""",315,RJR,2021-04-27,Eligible
160,+36,Benjamin St-Juste,Minnesota,CB,"6'3""",200,JR,2021-04-27,Eligible
161,--,Robert Hainsey,Notre Dame,OT,"6'5""",295,SR,2021-04-27,Eligible
162,--,Damon Hazelton,Missouri,WR,"6'2""",215,RSR,2021-04-27,Eligible
163,--,Adrian Ealy,Oklahoma,OT,"6'6""",327,RJR,2021-04-27,Eligible
164,--,Kylin Hill,Mississippi State,RBC,"5'11""",215,SR,2021-04-27,Eligible
165,-15,Sadarius Hutcherson,South Carolina,OG,"6'4""",320,RSR,2021-04-27,Eligible
166,--,Daelin Hayes,Notre Dame,EDGE,"6'4""",268,RSR,2021-04-27,Eligible
167,--,Malik Herring,Georgia,DL5T,"6'3""",283,SR,2021-04-27,Eligible
168,+18,Javian Hawkins,Louisville,RBC,"5'9""",182,RSO,2021-04-27,Eligible
169,--,Alaric Jackson,Iowa,OT,"6'6""",315,RSR,2021-04-27,Eligible
170,--,Dazz Newsome,North Carolina,WR,"5'11""",175,SR,2021-04-27,Eligible
171,--,Paddy Fisher,Northwestern,ILB,"6'4""",246,RSR,2021-04-27,Eligible
172,-15,Josh Imatorbhebhe,Illinois,WR,"6'2""",215,RSR,2021-04-27,Eligible
173,--,Richard LeCounte III,Georgia,S,"5'11""",190,SR,2021-04-27,Eligible
174,--,Thomas Graham Jr.,Oregon,CB,"5'10""",193,SR,2021-04-27,Eligible
175,--,Donovan Stiner,Florida,S,"6'1""",203,JR,2021-04-27,Eligible
176,--,Jaret Patterson,Buffalo,RB,"5'9""",195,JR,2021-04-27,Eligible
177,--,Wyatt Hubert,Kansas State,EDGE,"6'3""",270,JR,2021-04-27,Eligible
178,--,Tommy Kraemer,Notre Dame,OG,"6'6""",317,RSR,2021-04-27,Eligible
179,+20,Tamorrion Terry,Florida State,WR,"6'4""",209,RJR,2021-04-27,Eligible
180,--,D.J. Daniel,Georgia,CB,6'0'',183,SR,2021-04-27,Eligible
181,--,Camryn Bynum,California,CB,6'0'',198,RSR,2021-04-27,Eligible
182,+95,Josh Palmer,Tennessee,WR,6'2'',210,SR,2021-04-27,Eligible
183,--,Jose Borregales,Miami (FL),PK,"5'10""",205,RSR,2021-04-27,Eligible
184,+20,Amen Ogbongbemiga,Oklahoma State,OLB,"6'1""",231,RSR,2021-04-27,Eligible
185,--,Shane Buechele,SMU,QB,"6'1""",207,RSR,2021-04-27,Eligible
186,--,Joshua Kaindoh,Florida State,EDGE,"6'7""",261,RJR,2021-04-27,Eligible
187,+21,Davis Mills,Stanford,QB,"6'4""",198,RJR,2021-04-27,Eligible
188,--,Elijah Mitchell,Louisiana-Lafayette,RB,"5'11""",221,SR,2021-04-27,Eligible
189,--,Larry Borom,Missouri,OT,6'6'',332,JR,2021-04-27,Eligible
190,--,Damar Hamlin,Pitt,S,"6'1""",195,RSR,2021-04-27,Eligible
191,--,Victor Dimukeje,Duke,EDGE,"6'2""",265,SR,2021-04-27,Eligible
192,-18,Sam Ehlinger,Texas,QB,"6'3""",225,SR,2021-04-27,Eligible
193,--,Kary Vincent Jr.,LSU,CB,"5'10""",182,SR,2021-04-27,Eligible
194,--,Noah Gray,Duke,TE,"6'4""",240,SR,2021-04-27,Eligible
195,+21,Mustafa Johnson,Colorado,DL5T,"6'2""",290,SR,2021-04-27,Eligible
196,--,Tre' McKitty,Georgia,TE,"6'5""",241,SR,2021-04-27,Eligible
197,+21,Deommodore Lenoir,Oregon,CB,"5'11""",202,SR,2021-04-27,Eligible
198,+23,Tony Fields II,West Virginia,OLB,6'0'',220,SR,2021-04-27,Eligible
199,--,Khyiris Tonga,BYU,DL1T,6'2'',326,SR,2021-04-27,Eligible
200,--,Jonathon Cooper,Ohio State,EDGE,"6'4""",257,RSR,2021-04-27,Eligible
201,+52,Stone Forsythe,Florida,OT,6'8'',329,RSR,2021-04-27,Eligible
202,--,Tyree Gillespie,Missouri,S,6'0'',210,SR,2021-04-27,Eligible
203,--,Matt Bushman,BYU,TE,"6'5""",245,SR,2021-04-27,Eligible
204,--,Ben Mason,Michigan,FB,"6'3""",254,SR,2021-04-27,Eligible
205,--,Ambry Thomas,Michigan,CB,"5'11""",174,SR,2021-04-27,Eligible
206,-35,Jimmy Morrissey,Pitt,OC,"6'3""",305,RSR,2021-04-27,Eligible
207,--,Marquez Stevenson,Houston,WR,"6'0""",190,RSR,2021-04-27,Eligible
208,--,Quintin Morris,Bowling Green,TE,"6'4""",248,SR,2021-04-27,Eligible
209,-20,Shemar Jean-Charles,Appalachian State,CB,"5'11""",190,SR,2021-04-27,Eligible
210,--,D'Ante Smith,East Carolina,OT,"6'5""",294,SR,2021-04-27,Eligible
211,--,Tay Gowan,UCF,CB,"6'2""",185,RSR,2021-04-27,Eligible
212,--,Chauncey Golston,Iowa,DL5T,"6'5""",269,RSR,2021-04-27,Eligible
213,-34,Max Duffy,Kentucky,P,"6'1""",185,SR,2021-04-27,Eligible
214,--,Osa Odighizuwa,UCLA,DL5T,6'2'',280,RSR,2021-04-27,Eligible
215,--,Dan Moore Jr.,Texas A&M,OT,6'5'',315,SR,2021-04-27,Eligible
216,-19,Xavier Kelly,Arkansas,DL3T,"6'4""",305,RSR,2021-04-27,Eligible
217,+26,Garret Wallow,TCU,OLB,6'2'',215,SR,2021-04-27,Eligible
218,--,Isaiahh Loudermilk,Wisconsin,DL5T,6'6'',291,RSR,2021-04-27,Eligible
219,--,Kenny Yeboah,Ole Miss,TE,6'4'',240,RSR,2021-04-27,Eligible
220,--,Dez Fitzpatrick,Louisville,WR,"6'2""",202,SR,2021-04-27,Eligible
221,-20,Brady White,Memphis,QB,6'3'',210,RSR,2021-04-27,Eligible
222,-20,Dicaprio Bootle,Nebraska,CB,"5'10""",180,RSR,2021-04-27,Eligible
223,--,Carlo Kemp,Michigan,DL5T,"6'3""",286,SR,2021-04-27,Eligible
224,--,Naquan Jones,Michigan State,DL1T,"6'4""",338,RSR,2021-04-27,Eligible
225,-21,Malcolm Koonce,Buffalo,EDGE,"6'3""",250,SR,2021-04-27,Eligible
226,--,Rachad Wildgoose,Wisconsin,CB,5'11'',197,JR,2021-04-27,Eligible
227,+75,Cade Johnson,South Dakota State,WRS,"5'9""",180,RSR,2021-04-27,Eligible
228,--,Jermar Jefferson,Oregon State,RBC,"5'9""",215,JR,2021-04-27,Eligible
229,-20,T.J. Vasher,Texas Tech,WR,"6'6""",210,RSR,2021-04-27,Eligible
230,--,Max Richardson,Boston College,OLB,"6'0""",230,RSR,2021-04-27,Eligible
231,+56,Elerson Smith,Northern Iowa,EDGE,6'6'',245,RSR,2021-04-27,Eligible
232,--,Landon Young,Kentucky,OT,6'7'',321,SR,2021-04-27,Eligible
233,-21,John Bates,Boise State,TE,6'5'',259,RSR,2021-04-27,Eligible
234,--,Pooka Williams,Kansas,RBC,"5'10""",170,JR,2021-04-27,Eligible
235,--,James Wiggins,Cincinnati,S,"6'0""",202,RSR,2021-04-27,Eligible
236,--,Shi Smith,South Carolina,WRS,5'10'',190,SR,2021-04-27,Eligible
237,--,Brennan Eagles,Texas,WR,"6'2""",225,JR,2021-04-27,Eligible
238,-38,Pressley Harvin III,Georgia Tech,P,"6'0""",255,SR,2021-04-27,Eligible
239,--,Trevon Grimes,Florida,WR,"6'4""",215,SR,2021-04-27,Eligible
240,--,Austin Watkins,UAB,WR,"6'3""",205,RSR,2021-04-27,Eligible
241,-39,Michal Menet,Penn State,OC,6'4'',305,RSR,2021-04-27,Eligible
242,--,Cole Van Lanen,Wisconsin,OT,"6'5""",312,RSR,2021-04-27,Eligible
243,--,Brenden Knox,Marshall,RB,"6'0""",223,RJR,2021-04-27,Eligible
244,--,Jamar Johnson,Indiana,S,"6'1""",197,JR,2021-04-27,Eligible
245,--,Ryan McCollum,Texas A&M,OC,6'5'',300,RSR,2021-04-27,Eligible
246,+27,Isaiah Dunn,Oregon State,CB,"6'0""",193,SR,2021-04-27,Eligible
247,--,Grant Stuard,Houston,OLB,"6'1""",225,SR,2021-04-27,Eligible
248,-22,Tyson Dyer,New Mexico,P,"6'2""",198,SR,2021-04-27,Eligible
249,--,Evan McPherson,Florida,PK,5'11,180,JR,2021-04-27,Eligible
250,+27,Drew Dalman,Stanford,OC,"6'3""",300,RJR,2021-04-27,Eligible
251,--,Cary Angeline,NC State,TE,"6'7""",250,SR,2021-04-27,Eligible
252,-44,Riley Patterson,Memphis,PK,"6'0""",190,SR,2021-04-27,Eligible
253,-21,Chris Wilcox,BYU,CB,6'2'',197,RSR,2021-04-27,Eligible
254,--,Cornell Powell,Clemson,WR,"6'0""",201,SR,2021-04-27,Eligible
255,--,Anthony Hines,Texas A&M,OLB,"6'3""",226,JR,2021-04-27,Eligible
256,--,Elijah Ponder,Cincinnati,DL5T,"6'2""",275,RSR,2021-04-27,Eligible
257,--,Larry Rountree III,Missouri,RBC,"5'10""",210,SR,2021-04-27,Eligible
258,--,Kylen Granson,SMU,TE,6'2'',235,SR,2021-04-27,Eligible
259,--,Mark Webb,Georgia,S,"6'2""",210,SR,2021-04-27,Eligible
260,--,Tyler Vaughns,USC,WR,"6'2""",190,RSR,2021-04-27,Eligible
261,--,Frank Darby,Arizona State,WR,6'1'',200,RSR,2021-04-27,Eligible
262,--,Nick McCloud,Notre Dame,CB,"6'1""",192,RSR,2021-04-27,Eligible
263,--,Nick Eubanks,Michigan,TE,"6'5""",236,RSR,2021-04-27,Eligible
264,--,Tory Carter,LSU,FB,"6'1""",250,JR,2021-04-27,Eligible
265,--,Spencer Brown,UAB,RB,"6'0""",220,SR,2021-04-27,Eligible
266,--,O'Bryan Goodson,Memphis,DL3T,"6'1""",297,SR,2021-04-27,Eligible
267,+30,Simi Fehoko,Stanford,WR,"6'4""",227,JR,2021-04-27,Eligible
268,+30,Dax Milne,BYU,WR,"6'1""",190,JR,2021-04-27,Eligible
269,--,Patrick Johnson,Tulane,EDGE,6'3'',250,SR,2021-04-27,Eligible
270,+55,Justin Hilliard,Ohio State,ILB,"6'1""",235,RSR,2021-04-27,Eligible
271,--,Kayode Awosika,Buffalo,OT,"6'5""",315,SR,2021-04-27,Eligible
272,--,Chris Brown,Texas,S,"5'11""",187,SR,2021-04-27,Eligible
273,+31,Tarron Jackson,Coastal Carolina,EDGE,6'2'',265,RSR,2021-04-27,Eligible
274,--,LaRon Stokes,Oklahoma,DL5T,6'4'',278,SR,2021-04-27,Eligible
275,--,K.J. Costello,Mississippi State,QB,"6'5""",225,RSR,2021-04-27,Eligible
276,-25,Alex Kessman,Pitt,PK,"6'3""",190,RSR,2021-04-27,Eligible
277,--,David Moore,Grambling State,OG,"6'3""",320,SR,2021-04-27,Eligible
278,--,Calvin Ashley,Florida A&M,OG,6'7'',335,RJR,2021-04-27,Eligible
279,--,Kendrick Green,Illinois,OG,"6'4""",315,JR,2021-04-27,Eligible
280,--,Carson Green,Texas A&M,OT,"6'6""",320,SR,2021-04-27,Eligible
281,-26,Tyler Coyle,Purdue,S,6'2'',215,RSR,2021-04-27,Eligible
282,--,Brandon Stephens,SMU,CB,"6'1""",219,SR,2021-04-27,Eligible
283,--,Darrick Forrest,Cincinnati,S,6'0'',198,SR,2021-04-27,Eligible
284,--,Gary Brightwell,Arizona,RB,6'0'',218,SR,2021-04-27,Eligible
285,--,Jordon Scott,Oregon,DL1T,"6'1""",322,SR,2021-04-27,Eligible
286,--,Rico Bussey Jr.,Hawaii,WR,"6'2""",193,RSR,2021-04-27,Eligible
287,-26,Pro Wells,TCU,TE,"6'4""",250,JR,2021-04-27,Eligible
288,--,Torrance Marable,Coastal Carolina,RBC,"5'10""",200,SR,2021-04-27,Eligible
289,--,Keith Duncan,Iowa,PK,"5'10""",180,SR,2021-04-27,Eligible
290,--,Mark Gilbert,Duke,CB,"6'1""",175,RJR,2021-04-27,Eligible
291,-28,Oscar Bradburn,Virginia Tech,P,"6'1""",221,SR,2021-04-27,Eligible
292,--,Jalen Camp,Georgia Tech,WR,"6'2""",226,RSR,2021-04-27,Eligible
293,--,Brady Breeze,Oregon,S,"6'0""",196,SR,2021-04-27,Eligible
294,--,Erroll Thompson,Mississippi State,ILB,"6'1""",250,RSR,2021-04-27,Eligible
295,--,Earnest Brown IV,Northwestern,EDGE,"6'5""",270,SR,2021-04-27,Eligible
296,--,Adetokunbo Ogundeji,Notre Dame,EDGE,"6'4""",268,RSR,2021-04-27,Eligible
297,--,Will Fries,Penn State,OT,6'6'',306,RSR,2021-04-27,Eligible
298,--,Zach Davidson,Central Missouri,TE,"6'7""",245,RJR,2021-04-27,Eligible
299,--,William Bradley-King,Baylor,EDGE,"6'4""",248,SR,2021-04-27,Eligible
300,--,Stevie Scott,Indiana,RB,"6'2""",231,JR,2021-04-27,Eligible
301,+33,Joshuah Bledsoe,Missouri,S,6'0'',200,SR,2021-04-27,Eligible
302,--,Brenden Jaimes,Nebraska,OT,6'5'',300,SR,2021-04-27,Eligible
303,--,Jonathan Adams Jr.,Arkansas State,WR,6'3'',210,SR,2021-04-27,Eligible
304,--,Whop Philyor,Indiana,WR,"5'11""",180,SR,2021-04-27,Eligible
305,--,Jason Pinnock,Pitt,CB,"6'1""",205,SR,2021-04-27,Eligible
306,-30,Osirus Mitchell,Mississippi State,WR,"6'5""",210,SR,2021-04-27,Eligible
307,--,Warren Jackson,Colorado State,WR,6'6'',212,SR,2021-04-27,Eligible
308,--,Marlon Character,Louisville,CB,"6'1""",195,RSR,2021-04-27,Eligible
309,--,Feleipe Franks,Arkansas,QB,"6'6""",228,RSR,2021-04-27,Eligible
310,+34,Shawn Davis,Florida,S,6'0'',206,SR,2021-04-27,Eligible
311,--,Tuf Borland,Ohio State,ILB,"6'1""",230,RSR,2021-04-27,Eligible
312,--,Chris Evans,Michigan,RB,"5'11""",219,SR,2021-04-27,Eligible
313,--,Rakeem Boyd,Arkansas,RB,"6'0""",213,SR,2021-04-27,Eligible
314,--,Jacob Harris,UCF,WR,"6'5""",211,RSR,2021-04-27,Eligible
315,+34,Janarius Robinson,Florida State,EDGE,"6'5""",261,RSR,2021-04-27,Eligible
316,--,Drue Chrisman,Ohio State,P,6'2'',222,RSR,2021-04-27,Eligible
317,--,Romeo McKnight,Charlotte,EDGE,"6'5""",270,RSR,2021-04-27,Eligible
318,+35,Buddy Johnson,Texas A&M,ILB,6'2'',234,SR,2021-04-27,Eligible
319,--,Luke Farrell,Ohio State,TE,"6'6""",250,RSR,2021-04-27,Eligible
320,--,Greg McCrae,UCF,RBC,5'10'',175,SR,2021-04-27,Eligible
321,--,Forrest Merrill,Arkansas State,DL1T,6'1'',349,RSR,2021-04-27,Eligible
322,--,Blake Haubeil,Ohio State,PK,6'2'',230,SR,2021-04-27,Eligible
323,--,Tre Brown,Oklahoma,CB,"5'10""",188,SR,2021-04-27,Eligible
324,+36,Royce Newman,Ole Miss,OG,6'6'',310,RSR,2021-04-27,Eligible
325,--,Lorenzo Neal,Purdue,DL1T,6'3'',315,RSR,2021-04-27,Eligible
326,+36,Tre Norwood,Oklahoma,CB,6'0'',194,RJR,2021-04-27,Eligible
327,--,Ian Book,Notre Dame,QB,6'0'',206,RSR,2021-04-27,Eligible
328,--,JaQuan Bailey,Iowa State,EDGE,"6'2""",261,RSR,2021-04-27,Eligible
329,--,Antjuan Simmons,Michigan State,OLB,"6'0""",225,SR,2021-04-27,Eligible
330,--,Jovan Swann,Indiana,DL5T,"6'2""",280,GR,2021-04-27,Eligible
331,--,Eli Howard,Texas Tech,DL5T,"6'4""",280,RSR,2021-04-27,Eligible
332,--,Antonio Nunn,Buffalo,WR,"5'11""",200,SR,2021-04-27,Eligible
333,--,Gerrid Doaks,Cincinnati,RB,6'0'',230,SR,2021-04-27,Eligible
334,--,Mike Strachan,Charleston,WR,6'4'',225,RSR,2021-04-27,Eligible
335,--,Jake Curhan,California,OG,"6'6""",330,RSR,2021-04-27,Eligible
336,--,Isaiah McDuffie,Boston College,OLB,"6'1""",224,RJR,2021-04-27,Eligible
337,--,Jake Verity,East Carolina,PK,"6'1""",201,SR,2021-04-27,Eligible
338,--,Syrus Tuitele,Fresno State,OT,"6'6""",318,SR,2021-04-27,Eligible
339,--,Asim Rose,Kentucky,RB,"6'1""",210,SR,2021-04-27,Eligible
340,--,Briley Moore,Kansas State,TE,"6'4""",250,SR,2021-04-27,Eligible
341,+39,Christian Uphoff,Illinois State,S,"6'3""",195,JR,2021-04-27,Eligible
342,--,Austin Faoliu,Oregon,DL3T,6'3'',293,SR,2021-04-27,Eligible
343,--,Mike Hampton,South Florida,CB,6'0'',190,RSR,2021-04-27,Eligible
344,--,Caleb Huntley,Ball State,RBC,"5'10""",226,SR,2021-04-27,Eligible
345,--,E.J. Muhammad,Nevada,CB,"5'11""",195,RSR,2021-04-27,Eligible
346,--,Racey McMath,LSU,WR,6'3'',224,SR,2021-04-27,Eligible
347,--,Aashari Crosswell,Arizona State,S,6'0'',205,JR,2021-04-27,Eligible
348,--,Rayshard Ashby,Virginia Tech,ILB,"5'10""",230,SR,2021-04-27,Eligible
349,--,Bryan Mills,North Carolina Central,CB,"6'1""",180,SR,2021-04-27,Eligible
350,--,Blake Proehl,East Carolina,WR,"6'1""",186,JR,2021-04-27,Eligible
351,--,Curtis Robinson,Stanford,ILB,6'2'',235,RSR,2021-04-27,Eligible
352,--,Nate Hobbs,Illinois,CB,"6'0""",195,SR,2021-04-27,Eligible
353,--,Marquiss Spencer,Mississippi State,DL5T,"6'4""",285,RSR,2021-04-27,Eligible
354,--,Kawaan Baker,South Alabama,WR,"6'1""",210,SR,2021-04-27,Eligible
355,--,Jamar Watson,Kentucky,EDGE,6'3'',244,RSR,2021-04-27,Eligible
356,--,Riley Cole,South Alabama,LB,"6'2""",242,SR,2021-04-27,Eligible
357,--,James Smith,Cincinnati,P,6'4'',235,SR,2021-04-27,Eligible
358,--,Braylon Jones,Houston,OC,"6'4""",315,RSR,2021-04-27,Eligible
359,--,Robert Jones,Middle Tennessee,OT,6'5'',330,SR,2021-04-27,Eligible
360,--,Blake Gallagher,Northwestern,OLB,"6'1""",235,SR,2021-04-27,Eligible
361,--,Quinn Nordin,Michigan,PK,6'0'',196,RSR,2021-04-27,Eligible
362,--,Nahshon Wright,Oregon State,CB,"6'4""",188,JR,2021-04-27,Eligible
363,--,Shaun Beyer,Iowa,TE,"6'5""",222,RSR,2021-04-27,Eligible
364,--,Lamont Wade,Penn State,S,5'9'',199,SR,2021-04-27,Eligible
365,--,Kyree Campbell,Florida,DL3T,"6'3""",304,SR,2021-04-27,Eligible
366,--,Zac Thomas,Appalachian State,QB,6'1'',210,RSR,2021-04-27,Eligible
367,--,Brett Heggie,Florida,OG,6'3'',321,RSR,2021-04-27,Eligible
368,--,Nolan Cooney,Syracuse,P,"6'3""",202,RSR,2021-04-27,Eligible
369,--,Zach Von Rosenberg,LSU,P,"6'5""",245,RSR,2021-04-27,Eligible
370,--,Brandon Kennedy,Tennessee,OC,6'3',300,RSR,2021-04-27,Eligible
371,--,Zane Zandier,Virginia,ILB,6'3'',230,SR,2021-04-27,Eligible
372,--,J.C. Chalk,Clemson,TE,"6'3""",255,SR,2021-04-27,Eligible
373,--,Jack Heflin,Iowa,DL3T,6'4'',304,RSR,2021-04-27,Eligible
374,--,Peyton Ramsey,Northwestern,QB,6'2'',220,RSR,2021-04-27,Eligible
375,--,Ben DeLuca,Charlotte,S,"6'1""",215,RSR,2021-04-27,Eligible
376,--,Tre Harbison,Charlotte,RB,5'11',215,GR,2021-04-27,Eligible
377,--,Jordyn Peters,Auburn,CB,"6'1""",200,SR,2021-04-27,Eligible
378,--,Avery Williams,Boise State,CB,"5'9""",188,RSR,2021-04-27,Eligible
379,--,Mekhi Sargent,Iowa,RBC,"5'9""",212,SR,2021-04-27,Eligible
380,--,Isaiah McKoy,Kent State,WR,"6'3""",182,JR,2021-04-27,Eligible
381,--,William Sherman,Colorado,OT,"6'4""",310,JR,2021-04-27,Eligible
382,--,Deon Jackson,Duke,RB,5'11'',220,SR,2021-04-27,Eligible
383,--,Nick Niemann,Iowa,OLB,"6'3""",234,RSR,2021-04-27,Eligible
384,--,Ben Skowronek,Notre Dame,WR,"6'3""",220,RSR,2021-04-27,Eligible
385,--,Noah Curtis,Florida International,EDGE,"6'6""",267,SR,2021-04-27,Eligible
386,--,Marcus Murphy,Mississippi State,S,"6'1""",200,JR,2021-04-27,Eligible
387,--,Dai'Jean Dixon,Nicholls State,WR,"6'4""",200,SR,2021-04-27,Eligible
388,--,Darius Hodge,Marshall,EDGE,"6'2""",245,RJR,2021-04-27,Eligible
389,--,Ernest Jones,South Carolina,OLB,"6'2""",230,JR,2021-04-27,Eligible
390,--,Mac McCain III,North Carolina A&T,CB,"6'0""",175,RSR,2021-04-27,Eligible
391,--,Dorian Etheridge,Louisville,ILB,6'3'',230,SR,2021-04-27,Eligible
392,--,Adrian Hardy,Louisiana Tech,WR,"6'2""",200,RJR,2021-04-27,Eligible
393,--,Oscar Draguicevich III,Washington State,P,"5'11""",182,RSR,2021-04-27,Eligible
394,+43,Zech McPhearson,Texas Tech,CB,"5'11""",195,SR,2021-04-27,Eligible
395,--,Javon McKinley,Notre Dame,WR,"6'2""",215,GR,2021-04-27,Eligible
396,--,Jerry Jacobs,Arkansas,CB,"5'11""",203,RSR,2021-04-27,Eligible
397,--,Thomas Fletcher,Alabama,LS,"6'1""",237,SR,2021-04-27,Eligible
398,--,Jarell White,Cincinnati,OLB,"5'10""",212,SR,2021-04-27,Eligible
399,--,Eli Stove,Auburn,WR,"6'0""",191,SR,2021-04-27,Eligible
400,--,Max Roberts,Boston College,OLB,"6'1""",250,SR,2021-04-27,Eligible
401,--,Matt Womack,Alabama,OT,"6'7""",325,GR,2021-04-27,Eligible
402,--,Zayne Anderson,BYU,S,"6'2""",210,SR,2021-04-27,Eligible
403,--,B.J. Emmons,Florida Atlantic,RB,"5'11""",215,RSR,2021-04-27,Eligible
404,--,Zeandae Johnson,California,DL5T,"6'4""",290,SR,2021-04-27,Eligible
405,--,Keyion Dixon,Eastern Kentucky,WRF,"6'3""",193,RSR,2021-04-27,Eligible
406,--,Kion Smith,Fayetteville State,OT,"6'6""",295,RSR,2021-04-27,Eligible
407,--,D'Antne Demery,Florida International,OT,"6'6""",294,SR,2021-04-27,Eligible
408,--,Dylan Soehner,Iowa State,TE,"6'7""",270,SR,2021-04-27,Eligible
409,--,Brad Stewart Jr.,Florida,S,"6'-""",195,SR,2021-04-27,Eligible
410,--,Rashad Byrd,Georgia State,ILB,"6'0""",230,RSR,2021-04-27,Eligible
411,--,Bryce Thompson,Tennessee,CB,"5'11""",190,JR,2021-04-27,Eligible
412,--,Tre' Threat,Jacksonville State,EDGE,"6'2""",250,SR,2021-04-27,Eligible
413,--,Camaron Cheeseman,Michigan,LS,"6'4""",237,SR,2021-04-27,Eligible
414,--,Jhamon Ausbon,Texas A&M,WR,"6'2""",218,JR,2021-04-27,Eligible
415,--,Shane McGough,Florida International,OT,"6'2""",302,RSR,2021-04-27,Eligible
416,--,Israel Tucker,Louisiana Tech,RB,"5'8""",200,RSR,2021-04-27,Eligible
417,--,Landon Akers,Iowa State,WR,"6'0""",191,RSR,2021-04-27,Eligible
418,--,Brontae Harris,UAB,CB,"5'10""",190,RSR,2021-04-27,Eligible
419,--,Donavaughn Campbell,Louisiana Tech,OG,"6'4""",347,SR,2021-04-27,Eligible
420,--,Jaylon McClain-Sapp,Marshall,CB,"5'11""",181,RSR,2021-04-27,Eligible
421,--,Harry Crider,Indiana,OC,6'3'',311,SR,2021-04-27,Eligible
422,--,Miller Forristall,Alabama,TE,"6'5""",242,RSR,2021-04-27,Eligible
423,--,Sam Cooper,Merrimack College,OG,"6'2""",315,GR,2021-04-27,Eligible
424,--,Tavante Beckett,Marshall,S,"5'10""",214,RSR,2021-04-27,Eligible
425,--,Connor Wedington,Stanford,WR,"6'0""",204,SR,2021-04-27,Eligible
426,--,John Raine,Northwestern,TE,"6'2""",230,GR,2021-04-27,Eligible
427,--,Tre Walker,San Jose State,WRF,"5'11""",180,SR,2021-04-27,Eligible
428,--,Joe Sculthorpe,NC State,OG,"6'3""",307,RSR,2021-04-27,Eligible
429,--,Phil Hoskins,Kentucky,DL3T,6'5',315,RSR,2021-04-27,Eligible
430,--,Jack Batho IV,South Dakota Mines,OT,"6'8""",315,SR,2021-04-27,Eligible
431,--,Artayvious Lynn,TCU,TE,"6'6""",258,SR,2021-04-27,Eligible
432,+47,Ky'el Hemby,Southern Miss,S,6'0'',211,RSR,2021-04-27,Eligible
433,--,Donnie Corley,Texas Southern,WRF,"6'2""",190,SR,2021-04-27,Eligible
434,--,Khalil McClain,Troy,SRF,"6'4""",222,SR,2021-04-27,Eligible
435,--,Joshua McMillon,Alabama,ILB,"6'3""",237,RSR,2021-04-27,Eligible
436,--,Jaelin Fisher,Charlotte,OC,"6'2""",285,RSR,2021-04-27,Eligible
437,--,Raymond Johnson III,Georgia State,EDGE,"6'3""",270,SR,2021-04-27,Eligible
438,--,Foster Sarell,Stanford,OT,6'6'',315,RJR,2021-04-27,Eligible
439,--,Jared Hocker,Texas A&M,OG,6'5'',325,SR,2021-04-27,Eligible
440,--,Tyree Thompson,Buffalo,OLB,"6'1""",205,GR,2021-04-27,Eligible
441,--,Ethan Tucky,Cincinnati,OLB,"6'2""",245,SR,2021-04-27,Eligible
442,--,Taaga Tuulima,Hawaii,OC,"6'2""",310,RSR,2021-04-27,Eligible
443,--,Zach Smith,Tulsa,QB,"6'3""",227,RSR,2021-04-27,Eligible
444,--,Jarrod Hewitt,Virginia Tech,DL5T,"6'1""",280,RSR,2021-04-27,Eligible
445,--,Michael Brown,West Virginia,OG,"6'3""",348,RSR,2021-04-27,Eligible
446,--,Shaun Crawford,Notre Dame,CB,"5'9""",180,SR,2021-04-27,Eligible
447,--,Tristen Hoge,BYU,OG,6'4'',310,RSR,2021-04-27,Eligible
448,--,Jamal Jones,Arkansas State,RB,"5'9""",193,RSR,2021-04-27,Eligible
449,--,Antwan Davis,Ball State,WR,"5'11""",204,RSR,2021-04-27,Eligible
450,--,Otis Anderson,UCF,RBC,"5'11""",174,SR,2021-04-27,Eligible
451,--,Chris Garrett,Concordia–St. Paul,EDGE,"6'4""",245,SR,2021-04-27,Eligible
452,--,Justin Hughes,Kansas State,OLB,"6'1""",229,SR,2021-04-27,Eligible
453,--,Brock Wright,Notre Dame,TE,"6'4""",257,SR,2021-04-27,Eligible
454,--,Brandin Echols,Kentucky,CB,"5'11""",178,SR,2021-04-27,Eligible
455,--,Joshua Fedd-Jackson,NC State,OG,"6'3""",323,SR,2021-04-27,Eligible
456,--,T.J. Simmons,West Virginia,WR,"6'2""",198,RSR,2021-04-27,Eligible
457,--,Brandon Smith,Iowa,WR,"6'3""",219,SR,2021-04-27,Eligible
458,--,Leighton McCarthy,Florida Atlantic,OLB,6'2'',220,RSR,2021-04-27,Eligible
459,--,Giles Amos,Arkansas,TE,"6'4""",242,SR,2021-04-27,Eligible
460,--,Jack Stoll,Nebraska,TE,6'4'',260,RSR,2021-04-27,Eligible
461,--,Josiah Bronson,Washington,DL3T,"6'3""",300,RSR,2021-04-27,Eligible
462,--,Chase Behrndt,West Virginia,OC,6'3'',315,RSR,2021-04-27,Eligible
463,--,Micah Simon,BYU,WR,"6'0""",200,GR,2021-04-27,Eligible
464,--,Isaiah Kaufusi,BYU,OLB,6'2'',220,SR,2021-04-27,Eligible
465,--,Ry Schneider,Oklahoma State,OC,6'2'',320,RSR,2021-04-27,Eligible
466,--,Mike Collins,Rice,QB,6'5'',225,RSR,2021-04-27,Eligible
467,--,Trey Ragas,Louisiana-Lafayette,RB,"5'10""",218,SR,2021-04-27,Eligible
468,--,Brett Kitrell,Ohio,OC,6'2'',302,SR,2021-04-27,Eligible
469,--,Chandon Herring,BYU,OT,6'6'',310,SR,2021-04-27,Eligible
470,--,Calvin Bundage,Oklahoma State,OLB,6'1'',220,RSR,2021-04-27,Eligible
471,--,Nolan Laufenberg,Air Force,OG,6'3'',315,SR,2021-04-27,Eligible
472,--,Michael Carter II,Duke,S,5'10'',190,SR,2021-04-27,Eligible
473,--,Jaylon Moore,Western Michigan,OT,6'4'',311,RSR,2021-04-27,Eligible
474,--,Kevin Thomson,Washington,QB,6'1'',200,RSR,2021-04-27,Eligible
475,--,Quinton Bohanna,Kentucky,DL1T,6'3'',357,SR,2021-04-27,Eligible
476,--,Rakavius Chambers,Duke,OG,6'3'',335,SR,2021-04-27,Eligible
477,--,Josh Ball,Marshall,OT,"6'7""",308,SR,2021-04-27,Eligible
478,--,Brian Robinson Jr.,Alabama,RB,6'1'',228,SR,2021-04-27,Eligible
479,--,Sawyer Smith,Kentucky,QB,6'2'',221,RSR,2021-04-27,Eligible
480,--,Brady Davis,Illinois State,QB,6'3'',210,RSR,2021-04-27,Eligible
481,--,Milo Eifler,Illinois,ILB,6'2'',225,RSR,2021-04-27,Eligible
482,--,Richard McBryde,SMU,ILB,6'0'',232,RSR,2021-04-27,Eligible
483,--,Seth Joest,Western Kentucky,OC,6'2'',295,RSR,2021-04-27,Eligible
484,--,Shaq Smith,Maryland,ILB,6'1'',245,RSR,2021-04-27,Eligible
485,--,Thomas MacVittie,Kansas,QB,6'4'',225,RSR,2021-04-27,Eligible
486,--,Brendon White,Rutgers,S,6'2'',220,SR,2021-04-27,Eligible
487,--,Nick Pickett,Oregon,S,6'0'',210,SR,2021-04-27,Eligible
488,--,David Curry,Georgia Tech,ILB,6'1'',230,RSR,2021-04-27,Eligible
489,--,Jon Dietzen,Wisconsin,OG,6'5'',319,RSR,2021-04-27,Eligible
490,--,Scooter Harrington,Stanford,TE,6'4'',250,RSR,2021-04-27,Eligible
491,--,Hunter Kampmoyer,Oregon,TE,6'3'',240,RSR,2021-04-27,Eligible
492,--,Bryce Foxworth,Southern Miss,OG,6'3'',307,SR,2021-04-27,Eligible
493,--,Daniel Crawford,Northern Illinois,TE,6'2'',251,RSR,2021-04-27,Eligible
494,--,Noah Hannon,Appalachian State,OC,6'0'',272,SR,2021-04-27,Eligible
495,--,Anthony Butler,Liberty,ILB,6'0'',230,SR,2021-04-27,Eligible
496,--,Bryce Petersen,Akron,OC,6'2'',295,SR,2021-04-27,Eligible
497,--,Elijah Sullivan,Kansas State,ILB,6'0'',215,RSR,2021-04-27,Eligible
498,--,Erik Krommenhoek,USC,TE,6'5'',260,SR,2021-04-27,Eligible
499,--,Kato Nelson,Akron,QB,6'0'',212,RSR,2021-04-27,Eligible
500,--,Logan Harris,Wyoming,OG,6'3'',310,SR,2021-04-27,Eligible
